Source,Target,Subject
Lucas Alcazar,Lucas Alcazar,RE: GT-SeismicProcessorPro Bug Report
Lucas Alcazar,Sven Flecha,RE: GT-SeismicProcessorPro Bug Report
Lucas Alcazar,Isak Baza,RE: GT-SeismicProcessorPro Bug Report
Ada Campo-Corrente,Rachel Pantanal,RE: Planning for staff picnic
Ada Campo-Corrente,Lars Azada,RE: Planning for staff picnic
Ada Campo-Corrente,Felix Balas,RE: Planning for staff picnic
Ada Campo-Corrente,Isande Borrasca,RE: Planning for staff picnic
Ada Campo-Corrente,Axel Calzas,RE: Planning for staff picnic
Ada Campo-Corrente,Gustav Cazar,RE: Planning for staff picnic
Ada Campo-Corrente,Lidelse Dedos,RE: Planning for staff picnic
Ada Campo-Corrente,Birgitta Frente,RE: Planning for staff picnic
Ada Campo-Corrente,Vira Frente,RE: Planning for staff picnic
Ada Campo-Corrente,Adra Nubarron,RE: Planning for staff picnic
Ada Campo-Corrente,Marin Onda,RE: Planning for staff picnic
Ada Campo-Corrente,Kare Orilla,RE: Planning for staff picnic
Ada Campo-Corrente,Elsa Orilla,RE: Planning for staff picnic
Ada Campo-Corrente,Brand Tempestad,RE: Planning for staff picnic
Ada Campo-Corrente,Ingrid Barranco,RE: Planning for staff picnic
Ada Campo-Corrente,Ada Campo-Corrente,RE: Planning for staff picnic
Ada Campo-Corrente,Sten Sanjorge Jr,RE: Planning for staff picnic
Ada Campo-Corrente,Orhan Strum,RE: Planning for staff picnic
Ada Campo-Corrente,Willem Vasco-Pais,RE: Planning for staff picnic
Ada Campo-Corrente,Bertrand Ovan,RE: Planning for staff picnic
Ada Campo-Corrente,Albina Hafon,RE: Planning for staff picnic
Ada Campo-Corrente,Benito Hawelon,RE: Planning for staff picnic
Ada Campo-Corrente,Claudio Hawelon,RE: Planning for staff picnic
Ada Campo-Corrente,Henk Mies,RE: Planning for staff picnic
Ada Campo-Corrente,Valeria Morlun,RE: Planning for staff picnic
Ada Campo-Corrente,Adan Morlun,RE: Planning for staff picnic
Ada Campo-Corrente,Cecilia Morluniau,RE: Planning for staff picnic
Ada Campo-Corrente,Irene Nant,RE: Planning for staff picnic
Ada Campo-Corrente,Dylan Scozzese,RE: Planning for staff picnic
Ada Campo-Corrente,Lucas Alcazar,RE: Planning for staff picnic
Ada Campo-Corrente,Isak Baza,RE: Planning for staff picnic
Ada Campo-Corrente,Linnea Bergen,RE: Planning for staff picnic
Ada Campo-Corrente,Nils Calixto,RE: Planning for staff picnic
Ada Campo-Corrente,Sven Flecha,RE: Planning for staff picnic
Ada Campo-Corrente,Hideki Cocinaro,RE: Planning for staff picnic
Ada Campo-Corrente,Inga Ferro,RE: Planning for staff picnic
Ada Campo-Corrente,Loreto Bodrogi,RE: Planning for staff picnic
Ada Campo-Corrente,Isia Vann,RE: Planning for staff picnic
Ada Campo-Corrente,Stenig Fusil,RE: Planning for staff picnic
Ada Campo-Corrente,Hennie Osvaldo,RE: Planning for staff picnic
Ada Campo-Corrente,Kanon Herrero,RE: Planning for staff picnic
Ada Campo-Corrente,Varja Lagos,RE: Planning for staff picnic
Ada Campo-Corrente,Minke Mies,RE: Planning for staff picnic
Ada Campo-Corrente,Felix Resumir,RE: Planning for staff picnic
Ada Campo-Corrente,Edvard Vann,RE: Planning for staff picnic
Ada Campo-Corrente,Emile Arpa,RE: Planning for staff picnic
Ada Campo-Corrente,Varro Awelon,RE: Planning for staff picnic
Ada Campo-Corrente,Mat Bramar,RE: Planning for staff picnic
Ada Campo-Corrente,Dante Coginian,RE: Planning for staff picnic
Ada Campo-Corrente,Carla Forluniau,RE: Planning for staff picnic
Ada Campo-Corrente,Linda Lagos,RE: Planning for staff picnic
Ada Campo-Corrente,Cornelia Lais,RE: Planning for staff picnic
Ada Campo-Corrente,Ruscella Mies,RE: Planning for staff picnic
Ada Campo-Corrente,Anda Ribera,RE: Planning for staff picnic
Lucas Alcazar,Lucas Alcazar,RE: GT-SeismicProcessorPro Bug Report
Lucas Alcazar,Isak Baza,RE: GT-SeismicProcessorPro Bug Report
Lucas Alcazar,Nils Calixto,RE: GT-SeismicProcessorPro Bug Report
Nils Calixto,Lucas Alcazar,RE: GT-SeismicProcessorPro Bug Report
Nils Calixto,Isak Baza,RE: GT-SeismicProcessorPro Bug Report
Nils Calixto,Nils Calixto,RE: GT-SeismicProcessorPro Bug Report
Ruscella Mies,Mat Bramar,RE: Can someone cover for me next week?
Ruscella Mies,Anda Ribera,RE: Can someone cover for me next week?
Ruscella Mies,Rachel Pantanal,RE: Can someone cover for me next week?
Ruscella Mies,Linda Lagos,RE: Can someone cover for me next week?
Ruscella Mies,Ruscella Mies,RE: Can someone cover for me next week?
Ruscella Mies,Carla Forluniau,RE: Can someone cover for me next week?
Ruscella Mies,Cornelia Lais,RE: Can someone cover for me next week?
Elsa Orilla,Edvard Vann,RE: Money for coffee fund
Stenig Fusil,Kanon Herrero,RE: Resolution of incident
Stenig Fusil,Stenig Fusil,RE: Resolution of incident
Stenig Fusil,Inga Ferro,RE: Resolution of incident
Stenig Fusil,Hideki Cocinaro,RE: Resolution of incident
Stenig Fusil,Hennie Osvaldo,RE: Resolution of incident
Stenig Fusil,Felix Resumir,RE: Resolution of incident
Stenig Fusil,Isia Vann,RE: Resolution of incident
Lucas Alcazar,Lucas Alcazar,RE: GT-SeismicProcessorPro Bug Report
Lucas Alcazar,Sven Flecha,RE: GT-SeismicProcessorPro Bug Report
Lucas Alcazar,Isak Baza,RE: GT-SeismicProcessorPro Bug Report
Linda Lagos,Mat Bramar,RE: Catering?!?
Linda Lagos,Anda Ribera,RE: Catering?!?
Linda Lagos,Rachel Pantanal,RE: Catering?!?
Linda Lagos,Linda Lagos,RE: Catering?!?
Linda Lagos,Ruscella Mies,RE: Catering?!?
Linda Lagos,Carla Forluniau,RE: Catering?!?
Linda Lagos,Cornelia Lais,RE: Catering?!?
Ruscella Mies,Mat Bramar,RE: Can someone cover for me next week?
Ruscella Mies,Anda Ribera,RE: Can someone cover for me next week?
Ruscella Mies,Rachel Pantanal,RE: Can someone cover for me next week?
Ruscella Mies,Linda Lagos,RE: Can someone cover for me next week?
Ruscella Mies,Ruscella Mies,RE: Can someone cover for me next week?
Ruscella Mies,Carla Forluniau,RE: Can someone cover for me next week?
Ruscella Mies,Cornelia Lais,RE: Can someone cover for me next week?
Lucas Alcazar,Isak Baza,RE: GT-SeismicProcessorPro Bug Report
Lucas Alcazar,Lucas Alcazar,RE: GT-SeismicProcessorPro Bug Report
Ruscella Mies,Mat Bramar,RE: Catering?!?
Ruscella Mies,Anda Ribera,RE: Catering?!?
Ruscella Mies,Rachel Pantanal,RE: Catering?!?
Ruscella Mies,Linda Lagos,RE: Catering?!?
Ruscella Mies,Ruscella Mies,RE: Catering?!?
Ruscella Mies,Carla Forluniau,RE: Catering?!?
Ruscella Mies,Cornelia Lais,RE: Catering?!?
Edvard Vann,Elsa Orilla,RE: Money for coffee fund
Lucas Alcazar,Lucas Alcazar,RE: GT-SeismicProcessorPro Bug Report
Lucas Alcazar,Sven Flecha,RE: GT-SeismicProcessorPro Bug Report
Lucas Alcazar,Isak Baza,RE: GT-SeismicProcessorPro Bug Report
Albina Hafon,Henk Mies,RE: List of repairs needed
Albina Hafon,Albina Hafon,RE: List of repairs needed
Elsa Orilla,Edvard Vann,RE: Money for coffee fund
